City_ID,City,Country,Date,Lat,Lng,Max Temp,Humidity,Cloudiness,Wind Speed
0,Busselton,AU,2021-02-06 03:45:37,-33.65,115.3333,293.15,66,100,1.34
1,Bryan,US,2021-02-06 03:47:34,30.6744,-96.37,281.15,81,1,3.52
2,Alofi,NU,2021-02-06 03:45:24,-19.0595,-169.9187,300.15,83,100,5.14
3,Avarua,CK,2021-02-06 03:45:31,-21.2078,-159.775,302.15,70,40,4.12
4,Torbay,CA,2021-02-06 03:45:39,47.6666,-52.7314,274.26,100,90,11.83
5,Thompson,CA,2021-02-06 03:45:27,55.7435,-97.8558,242.15,69,40,6.17
6,Palmer,US,2021-02-06 03:49:04,42.1584,-72.3287,270.93,86,1,2.47
7,Saint-Philippe,RE,2021-02-06 03:49:04,-21.3585,55.7679,302.15,61,0,1.54
8,Clyde River,CA,2021-02-06 03:45:25,70.4692,-68.5914,247.15,84,90,1.54
9,Ushuaia,AR,2021-02-06 03:45:04,-54.8,-68.3,280.15,76,40,9.77
10,Bredasdorp,ZA,2021-02-06 03:49:04,-34.5322,20.0403,286.15,94,0,0.75
11,Galveston,US,2021-02-06 03:48:15,29.3669,-94.9669,288.15,72,90,5.14
12,Rikitea,PF,2021-02-06 03:44:50,-23.1203,-134.9692,298.51,75,7,8.3
13,Georgetown,MY,2021-02-06 03:45:33,5.4112,100.3354,305.15,58,20,2.57
14,Gold Coast,AU,2021-02-06 03:49:05,-28.0,153.4333,303.15,65,56,4.63
15,Kapaa,US,2021-02-06 03:45:25,22.0752,-159.319,295.15,56,40,3.6
16,Cape Town,ZA,2021-02-06 03:47:01,-33.9258,18.4232,293.15,88,20,5.66
17,Vaini,TO,2021-02-06 03:45:28,-21.2,-175.2,301.15,89,75,4.12
18,Khatanga,RU,2021-02-06 03:49:05,71.9667,102.5,236.03,79,4,2.93
19,Punta Arenas,CL,2021-02-06 03:49:05,-53.15,-70.9167,280.15,65,40,3.09
20,Pisco,PE,2021-02-06 03:49:05,-13.7,-76.2167,295.15,78,0,0.68
21,Mahebourg,MU,2021-02-06 03:49:06,-20.4081,57.7,297.15,94,40,2.06
22,Ahipara,NZ,2021-02-06 03:49:06,-35.1667,173.1667,292.32,82,97,1.03
23,Mataura,NZ,2021-02-06 03:44:09,-46.1927,168.8643,297.1,47,68,2.47
24,Chuy,UY,2021-02-06 03:49:06,-33.6971,-53.4616,287.96,90,0,2.25
25,Albany,US,2021-02-06 03:45:26,42.6001,-73.9662,275.15,51,40,4.12
26,Uthal,PK,2021-02-06 03:49:06,25.8072,66.6219,293.78,22,0,1.07
27,Nyurba,RU,2021-02-06 03:46:20,63.2842,118.3319,237.74,83,29,1.59
28,Solwezi,ZM,2021-02-06 03:49:06,-12.1688,26.3894,290.29,93,100,0.7
29,Taft,IR,2021-02-06 03:49:06,31.7471,54.2088,280.15,33,0,2.06
30,Cidreira,BR,2021-02-06 03:49:06,-30.1811,-50.2056,291.87,77,4,5.1
31,Hilo,US,2021-02-06 03:49:06,19.7297,-155.09,297.15,60,90,4.63
32,Chokurdakh,RU,2021-02-06 03:49:07,70.6333,147.9167,244.47,85,0,5.44
33,Noumea,NC,2021-02-06 03:47:56,-22.2763,166.4572,304.15,66,75,4.63
34,Japura,ID,2021-02-06 03:49:07,-0.3167,102.35,302.87,63,97,1.97
35,Tenancingo,MX,2021-02-06 03:49:07,19.1472,-98.1806,289.07,38,0,3.12
36,Severo-Kurilsk,RU,2021-02-06 03:49:07,50.6789,156.125,264.91,81,50,3.7
37,Overyata,RU,2021-02-06 03:49:07,58.0868,55.8709,275.15,93,90,2.0
38,Port Hardy,CA,2021-02-06 03:46:12,50.6996,-127.4199,279.15,87,90,2.06
39,Ribeira Grande,PT,2021-02-06 03:49:07,38.5167,-28.7,288.26,85,100,6.98
40,Maldonado,UY,2021-02-06 03:46:05,-34.6667,-54.9167,289.15,94,0,1.03
41,Ovsyanka,RU,2021-02-06 03:49:07,55.9575,92.5519,258.15,85,99,2.15
42,Saint-Augustin,CA,2021-02-06 03:49:08,51.226,-58.6502,271.52,98,95,5.32
43,Waipawa,NZ,2021-02-06 03:49:08,-41.4122,175.5153,291.48,77,20,7.2
44,Zharkovskiy,RU,2021-02-06 03:49:08,55.849,32.2697,256.22,93,99,3.32
45,Huarmey,PE,2021-02-06 03:49:08,-10.0681,-78.1522,294.53,76,98,2.32
46,Petropavlovka,RU,2021-02-06 03:49:08,50.6114,105.3196,257.73,84,47,1.42
47,Fuente De Oro,CO,2021-02-06 03:49:08,3.4594,-73.6128,296.98,80,100,2.01
48,Hermanus,ZA,2021-02-06 03:49:08,-34.4187,19.2345,290.37,91,4,1.34
49,Saint George,US,2021-02-06 03:46:37,37.1041,-113.5841,284.15,30,20,5.66
50,Kodiak,US,2021-02-06 03:49:08,57.79,-152.4072,276.15,52,1,10.29
51,Dikson,RU,2021-02-06 03:49:08,73.5069,80.5464,238.79,86,47,4.3
52,Port Macquarie,AU,2021-02-06 03:46:45,-31.4333,152.9167,302.59,57,100,0.45
53,Hithadhoo,MV,2021-02-06 03:49:09,-0.6,73.0833,301.08,79,98,7.66
54,Atuona,PF,2021-02-06 03:45:25,-9.8,-139.0333,299.84,80,66,8.99
55,Yellowknife,CA,2021-02-06 03:44:55,62.456,-114.3525,236.48,67,75,3.09
56,Karaton,ID,2021-02-06 03:49:09,-6.3424,106.1045,304.26,70,75,8.23
57,Tecoanapa,MX,2021-02-06 03:49:09,16.5167,-98.75,297.79,75,6,1.75
58,Sao Felix Do Xingu,BR,2021-02-06 03:49:09,-6.6447,-51.995,295.82,93,100,0.49
59,Goure,NE,2021-02-06 03:49:09,13.9835,10.2704,290.37,27,0,3.13
60,Lavrentiya,RU,2021-02-06 03:49:09,65.5833,-171.0,256.92,92,100,4.29
61,Luwuk,ID,2021-02-06 03:49:09,-0.9516,122.7875,303.04,63,100,0.58
62,Castro,BR,2021-02-06 03:45:26,-24.7911,-50.0119,286.05,77,0,0.6
63,Jiayuguan,CN,2021-02-06 03:49:09,39.8167,98.3,274.64,60,100,1.69
64,Pucallpa,PE,2021-02-06 03:49:10,-8.3791,-74.5539,296.32,92,97,0.58
65,Kavaratti,IN,2021-02-06 03:49:10,10.5669,72.642,300.2,75,42,6.25
66,Barrow,US,2021-02-06 03:45:28,71.2906,-156.7887,250.15,70,75,3.09
67,Provideniya,RU,2021-02-06 03:49:10,64.3833,-173.3,259.55,93,99,1.43
68,Kruisfontein,ZA,2021-02-06 03:47:10,-34.0033,24.7314,291.48,94,45,0.97
69,Qaanaaq,GL,2021-02-06 03:49:10,77.484,-69.3632,255.05,79,100,3.36
70,Dingle,PH,2021-02-06 03:49:10,10.9995,122.6711,302.44,71,66,6.1
71,Llanes,ES,2021-02-06 03:49:10,43.4198,-4.7549,285.37,73,100,7.4
72,Hambantota,LK,2021-02-06 03:49:03,6.1241,81.1185,299.15,89,75,1.03
73,Mecca,SA,2021-02-06 03:48:48,21.4267,39.8261,289.84,59,3,1.89
74,Tuktoyaktuk,CA,2021-02-06 03:44:51,69.4541,-133.0374,238.15,75,75,3.6
75,Payson,US,2021-02-06 03:49:10,40.0444,-111.7321,275.37,86,90,2.57
76,Port Lincoln,AU,2021-02-06 03:49:11,-34.7333,135.8667,292.83,66,96,7.26
77,Lebu,CL,2021-02-06 03:45:47,-37.6167,-73.65,286.89,94,13,0.26
78,Saskylakh,RU,2021-02-06 03:47:18,71.9167,114.0833,236.51,82,76,1.61
79,Ilulissat,GL,2021-02-06 03:49:11,69.2167,-51.1,260.15,40,99,0.51
80,Arraial Do Cabo,BR,2021-02-06 03:49:11,-22.9661,-42.0278,296.27,96,100,8.64
81,Salinas,US,2021-02-06 03:49:11,36.6777,-121.6555,284.15,87,1,2.06
82,Talnakh,RU,2021-02-06 03:49:11,69.4865,88.3972,240.16,83,70,2.28
83,San Carlos,VE,2021-02-06 03:49:11,9.6612,-68.5827,298.2,70,99,1.37
84,Hobart,AU,2021-02-06 03:44:43,-42.8794,147.3294,299.82,38,20,9.26
85,Jamestown,US,2021-02-06 03:45:02,42.097,-79.2353,268.15,73,90,12.35
86,Rawson,AR,2021-02-06 03:49:11,-43.3002,-65.1023,290.25,66,0,8.91
87,Poum,NC,2021-02-06 03:49:12,-20.2333,164.0167,300.19,71,18,3.38
88,Sakakah,SA,2021-02-06 03:49:12,29.9697,40.2064,283.15,87,38,3.6
89,Marawi,PH,2021-02-06 03:46:55,7.9986,124.2928,300.37,86,49,3.13
90,Zhigansk,RU,2021-02-06 03:49:12,66.7697,123.3711,234.15,77,51,2.64
91,Victoria,HK,2021-02-06 03:45:02,22.2855,114.1577,295.93,65,0,1.55
92,Binika,IN,2021-02-06 03:49:12,21.0333,83.8,297.14,24,32,0.82
93,Grand Gaube,MU,2021-02-06 03:49:12,-20.0064,57.6608,297.59,89,20,1.34
94,Eqbaliyeh,IR,2021-02-06 03:49:12,35.3022,51.5358,285.15,87,90,4.12
95,Moerai,PF,2021-02-06 03:49:13,-22.4333,-151.3333,300.36,71,0,5.22
96,Zaoyang,CN,2021-02-06 03:49:13,32.1272,112.7542,289.33,48,0,2.55
97,Nikolskoye,RU,2021-02-06 03:49:13,59.7035,30.7861,261.48,85,75,4.0
98,Inirida,CO,2021-02-06 03:49:13,3.8653,-67.9239,297.31,93,100,1.02
99,Kiunga,PG,2021-02-06 03:49:13,-6.1219,141.2906,307.9,44,100,3.12
100,Mwinilunga,ZM,2021-02-06 03:49:13,-11.7358,24.4293,290.83,95,100,0.83
101,Les Escoumins,CA,2021-02-06 03:49:13,48.1111,-69.0236,272.15,86,92,1.54
102,Boone,US,2021-02-06 03:45:18,39.0334,-92.3335,270.93,60,25,0.89
103,Tuatapere,NZ,2021-02-06 03:45:54,-46.1333,167.6833,292.01,68,16,3.32
104,Ichinohe,JP,2021-02-06 03:49:14,40.2069,141.3017,281.15,61,90,5.14
105,Capao Da Canoa,BR,2021-02-06 03:49:14,-29.7456,-50.0097,292.53,74,1,5.01
106,Saint-Francois,FR,2021-02-06 03:48:48,46.4154,3.9054,279.82,100,90,1.54
107,Isangel,VU,2021-02-06 03:49:14,-19.55,169.2667,302.41,64,9,1.32
108,Amos,CA,2021-02-06 03:49:14,48.5669,-78.1162,268.15,80,90,6.69
109,Tuy Hoa,VN,2021-02-06 03:49:14,13.0833,109.3,297.1,79,75,5.54
110,Mustasaari,FI,2021-02-06 03:49:15,63.1142,21.6822,265.37,92,0,2.06
111,Tartu,EE,2021-02-06 03:49:15,58.3806,26.7251,255.93,84,87,3.09
112,Norman Wells,CA,2021-02-06 03:45:41,65.282,-126.8329,233.15,67,40,1.03
113,Port Blair,IN,2021-02-06 03:46:15,11.6667,92.75,301.34,65,0,5.41
114,Butaritari,KI,2021-02-06 03:45:40,3.0707,172.7902,300.33,82,38,8.43
115,Klaksvik,FO,2021-02-06 03:49:15,62.2266,-6.589,273.15,86,75,9.26
116,Kralendijk,BQ,2021-02-06 03:49:15,12.15,-68.2667,299.15,78,65,6.17
117,Batemans Bay,AU,2021-02-06 03:49:15,-35.7167,150.1833,303.71,44,82,0.89
118,Freeport,US,2021-02-06 03:48:38,40.6576,-73.5832,277.59,81,1,3.6
119,Praid,RO,2021-02-06 03:49:15,46.55,25.1333,277.15,93,90,1.03
120,Coffs Harbour,AU,2021-02-06 03:49:16,-30.3,153.1333,302.59,69,80,8.75
121,Saldanha,ZA,2021-02-06 03:49:16,-33.0117,17.9442,290.15,94,0,3.6
122,Tasiilaq,GL,2021-02-06 03:45:10,65.6145,-37.6368,270.15,68,90,2.57
123,Ankazoabo,MG,2021-02-06 03:49:16,-22.2833,44.5167,297.03,83,100,1.27
124,Chapais,CA,2021-02-06 03:45:33,49.7834,-74.8492,269.15,86,90,5.66
125,Port Alfred,ZA,2021-02-06 03:45:26,-33.5906,26.891,294.82,92,100,6.26
126,Bengkulu,ID,2021-02-06 03:49:16,-3.8004,102.2655,303.76,56,67,2.35
127,Bonoua,CI,2021-02-06 03:49:16,5.2741,-3.595,297.15,94,20,0.51
128,Lagoa,PT,2021-02-06 03:49:16,39.05,-27.9833,287.83,84,87,7.98
129,Fort Smith,US,2021-02-06 03:49:16,35.3859,-94.3986,279.26,60,1,1.54
130,Disna,BY,2021-02-06 03:49:16,55.568,28.1971,253.8,92,70,3.11
131,Mount Gambier,AU,2021-02-06 03:49:17,-37.8333,140.7667,293.15,60,75,8.75
132,Touros,BR,2021-02-06 03:45:59,-5.1989,-35.4608,296.15,88,0,1.03
133,Tura,IN,2021-02-06 03:46:14,25.5198,90.2201,297.47,33,0,0.98
134,Broome,US,2021-02-06 03:49:17,42.2506,-75.833,271.15,46,75,8.23
135,Gat,IL,2021-02-06 03:49:17,31.61,34.7642,286.48,100,21,0.85
136,New Norfolk,AU,2021-02-06 03:45:25,-42.7826,147.0587,299.82,44,45,2.24
137,Mirnyy,RU,2021-02-06 03:49:17,62.5353,113.9611,243.2,86,88,1.12
138,Chumikan,RU,2021-02-06 03:49:17,54.7183,135.315,251.66,86,100,5.37
139,Panjab,AF,2021-02-06 03:49:17,34.388,67.0233,265.9,65,1,1.08
140,Burnie,AU,2021-02-06 03:49:17,-41.0667,145.9167,289.26,85,27,2.24
141,Ballina,AU,2021-02-06 03:47:28,-28.8667,153.5667,302.59,69,51,5.14
142,Ust-Nera,RU,2021-02-06 03:49:05,64.5667,143.2,249.6,81,100,1.55
143,Saint-Pierre,RE,2021-02-06 03:49:18,-21.3393,55.4781,302.15,61,0,1.54
144,Muros,ES,2021-02-06 03:45:33,42.7762,-9.0603,282.59,80,86,3.13
145,Pacific Grove,US,2021-02-06 03:49:18,36.6177,-121.9166,284.26,71,1,1.54
146,Hami,CN,2021-02-06 03:49:18,42.8,93.45,275.84,66,1,2.55
147,East London,ZA,2021-02-06 03:49:18,-33.0153,27.9116,295.15,94,90,2.57
148,Otoka,BA,2021-02-06 03:49:18,44.96,16.1792,281.28,86,100,1.46
149,Gorin,RU,2021-02-06 03:49:18,51.1983,136.6669,252.13,87,100,2.0
150,Goiatuba,BR,2021-02-06 03:49:18,-18.0125,-49.3547,293.84,95,94,2.19
151,Marfino,RU,2021-02-06 03:49:18,55.7028,37.3822,259.26,72,75,6.0
152,Fairbanks,US,2021-02-06 03:44:46,64.8378,-147.7164,251.15,77,90,1.49
153,Arman,RU,2021-02-06 03:49:18,59.7,150.1667,255.82,84,91,4.07
154,Vanimo,PG,2021-02-06 03:45:12,-2.6741,141.3028,302.26,66,81,1.99
155,Geraldton,AU,2021-02-06 03:45:31,-28.7667,114.6,295.15,68,90,12.86
156,Port Elizabeth,ZA,2021-02-06 03:46:04,-33.918,25.5701,294.15,94,75,2.57
157,Porbandar,IN,2021-02-06 03:47:32,21.6422,69.6093,294.15,26,0,5.14
158,Ulaangom,MN,2021-02-06 03:49:19,49.9811,92.0667,255.23,87,100,0.8
159,Dauriya,RU,2021-02-06 03:49:19,49.9333,116.8667,253.72,89,19,2.64
160,Bayan,CN,2021-02-06 03:49:19,46.0833,127.4,258.25,89,100,2.97
161,West Bay,KY,2021-02-06 03:45:07,19.3667,-81.4167,299.82,89,75,3.6
162,Faanui,PF,2021-02-06 03:45:43,-16.4833,-151.75,300.47,65,2,1.97
163,Luderitz,NA,2021-02-06 03:45:51,-26.6481,15.1594,293.17,55,0,8.95
164,Aripuana,BR,2021-02-06 03:49:19,-9.1667,-60.6333,296.55,97,100,0.89
165,Sibolga,ID,2021-02-06 03:46:50,1.7427,98.7792,304.34,53,0,1.29
166,Marzuq,YE,2021-02-06 03:49:19,14.4,46.4667,288.01,27,0,2.04
167,Mayumba,GA,2021-02-06 03:49:20,-3.432,10.6554,298.71,84,100,1.44
168,Grindavik,IS,2021-02-06 03:49:20,63.8424,-22.4338,275.15,75,0,9.26
169,Malanje,AO,2021-02-06 03:49:20,-9.5402,16.341,290.43,94,100,1.37
170,Upernavik,GL,2021-02-06 03:49:20,72.7868,-56.1549,260.25,72,100,2.36
171,Ola,RU,2021-02-06 03:44:22,59.5833,151.2833,257.55,87,97,8.46
172,Warangal,IN,2021-02-06 03:49:20,18.0,79.5833,296.71,56,0,3.92
173,Tsogni,GA,2021-02-06 03:49:20,-2.7942,10.0988,298.61,88,100,1.96
174,Nohfelden,DE,2021-02-06 03:45:04,49.5869,7.1428,279.82,97,100,0.89
175,Cabo San Lucas,MX,2021-02-06 03:49:20,22.8909,-109.9124,293.15,60,1,1.54
176,Haapiti,PF,2021-02-06 03:49:20,-17.5667,-149.8667,302.15,65,75,4.63
177,Tautira,PF,2021-02-06 03:49:20,-17.7333,-149.15,302.15,65,75,4.63
178,Fortuna,US,2021-02-06 03:49:21,40.5982,-124.1573,283.15,93,90,2.57
179,Ganserndorf,AT,2021-02-06 03:49:21,48.3392,16.7202,277.59,94,100,1.31
180,Pacifica,US,2021-02-06 03:47:52,37.6138,-122.4869,285.93,93,90,2.57
181,Shimoda,JP,2021-02-06 03:46:06,34.6667,138.95,289.15,39,20,6.69
182,Eyl,SO,2021-02-06 03:49:21,7.9803,49.8164,294.87,77,50,5.58
183,Saint-Leger,BE,2021-02-06 03:49:21,49.612,5.6569,280.37,98,100,0.45
184,Airai,TL,2021-02-06 03:45:34,-8.9266,125.4092,294.53,83,100,3.14
185,Belmonte,BR,2021-02-06 03:46:12,-15.8631,-38.8828,299.15,83,40,3.09
186,Baykalovo,RU,2021-02-06 03:49:21,57.3981,63.7684,275.02,96,100,6.73
187,Lujan,AR,2021-02-06 03:49:21,-34.5703,-59.105,292.59,96,0,2.8
188,Kahului,US,2021-02-06 03:46:01,20.8947,-156.47,296.15,56,40,3.09
189,San Quintin,MX,2021-02-06 03:46:51,30.4833,-115.95,287.33,80,0,4.38
190,Yeppoon,AU,2021-02-06 03:49:22,-23.1333,150.7333,307.15,36,40,2.57
191,Tagusao,PH,2021-02-06 03:45:53,9.1924,117.8141,302.26,68,100,2.65
192,Bethel,US,2021-02-06 03:48:52,41.3712,-73.414,274.26,80,1,2.06
193,Desaguadero,PE,2021-02-06 03:49:22,-16.5656,-69.0417,281.59,80,93,4.86
194,Anadyr,RU,2021-02-06 03:49:22,64.75,177.4833,257.15,85,40,5.0
195,Price,US,2021-02-06 03:49:22,39.5994,-110.8107,274.15,55,90,8.75
196,Hamilton,US,2021-02-06 03:46:32,39.1834,-84.5333,275.15,55,75,6.17
197,Hasaki,JP,2021-02-06 03:49:22,35.7333,140.8333,289.26,41,20,2.06
198,Tual,ID,2021-02-06 03:49:22,-5.6667,132.75,301.97,77,100,8.41
199,Falam,MM,2021-02-06 03:49:23,22.9167,93.6833,293.66,30,0,1.05
200,Sola,VU,2021-02-06 03:49:23,-13.8833,167.55,300.92,76,74,4.22
201,Tiksi,RU,2021-02-06 03:49:06,71.6872,128.8694,245.45,88,100,2.56
202,Birin,NP,2021-02-06 03:49:23,26.8865,88.0718,286.5,58,76,0.59
203,Riachao Das Neves,BR,2021-02-06 03:49:23,-11.7461,-44.91,294.69,92,99,0.57
204,Ostrovnoy,RU,2021-02-06 03:49:23,68.0531,39.5131,264.98,96,100,2.17
205,Nome,US,2021-02-06 03:46:01,64.5011,-165.4064,265.15,93,90,9.77
206,Waitati,NZ,2021-02-06 03:49:23,-45.75,170.5667,288.71,74,23,11.18
207,Sumbe,AO,2021-02-06 03:49:23,-11.2061,13.8437,297.21,83,100,1.84
208,Tanabe,JP,2021-02-06 03:49:23,33.7333,135.3667,286.15,50,75,2.06
209,Cherskiy,RU,2021-02-06 03:49:24,68.75,161.3,249.76,79,65,1.45
210,Avera,US,2021-02-06 03:49:24,33.194,-82.5271,282.15,57,90,1.54
211,Gigmoto,PH,2021-02-06 03:49:24,13.7796,124.39,301.99,70,58,3.51
212,Maragogi,BR,2021-02-06 03:46:19,-9.0122,-35.2225,297.91,86,7,3.21
213,Puerto Ayora,EC,2021-02-06 03:44:50,-0.7393,-90.3518,297.04,98,27,0.89
214,Kargasok,RU,2021-02-06 03:49:24,59.0556,80.8572,262.89,96,100,4.21
215,Te Anau,NZ,2021-02-06 03:49:24,-45.4167,167.7167,298.33,34,3,0.65
216,Xining,CN,2021-02-06 03:49:24,36.6167,101.7667,273.15,53,100,0.64
217,Hun,LY,2021-02-06 03:49:24,29.1268,15.9477,287.55,36,71,2.72
218,Dariba,IN,2021-02-06 03:49:24,24.95,74.1333,287.15,54,0,3.09
219,Erzin,TR,2021-02-06 03:47:16,36.9559,36.2,283.71,71,0,4.47
220,Bluff,NZ,2021-02-06 03:45:25,-46.6,168.3333,288.96,73,8,4.44
221,Puerto Escondido,MX,2021-02-06 03:49:25,15.85,-97.0667,300.15,78,75,3.09
222,Mombetsu,JP,2021-02-06 03:49:25,44.3525,143.3525,270.15,93,75,1.54
223,Ozinki,RU,2021-02-06 03:49:25,51.1786,49.6769,264.81,96,100,10.24
224,Shetpe,KZ,2021-02-06 03:49:25,44.1667,52.1167,273.78,91,94,11.41
225,Malakal,SS,2021-02-06 03:49:25,9.5334,31.6605,292.69,24,100,5.49
226,Lensk,RU,2021-02-06 03:49:25,60.7253,114.9278,252.03,87,98,1.0
227,Bonthe,SL,2021-02-06 03:49:25,7.5264,-12.505,297.65,85,1,2.21
228,Sakit,IN,2021-02-06 03:49:25,27.45,78.8167,289.24,49,0,3.31
229,Ossora,RU,2021-02-06 03:49:26,59.2353,163.0719,259.81,93,100,2.92
230,Bacolod,PH,2021-02-06 03:49:26,10.6667,122.95,303.24,62,75,5.97
231,Pakxan,LA,2021-02-06 03:49:26,18.3778,103.6601,301.48,42,0,1.55
232,Kerema,PG,2021-02-06 03:49:26,-7.9631,145.7785,304.03,60,100,2.51
233,Lithgow,AU,2021-02-06 03:49:26,-33.4833,150.15,290.93,43,97,2.24
234,Coruripe,BR,2021-02-06 03:49:26,-10.1256,-36.1756,298.39,84,24,6.09
235,Ryotsu,JP,2021-02-06 03:49:26,38.0833,138.4333,285.15,62,40,6.69
236,Bathsheba,BB,2021-02-06 03:49:26,13.2167,-59.5167,299.15,61,20,9.26
237,Prince Rupert,CA,2021-02-06 03:45:07,54.3161,-130.3201,275.15,100,90,2.06
238,Banda Aceh,ID,2021-02-06 03:49:26,5.5577,95.3222,302.57,64,1,3.74
239,Berlevag,NO,2021-02-06 03:49:26,70.8578,29.0864,270.19,90,100,9.27
240,Sitka,US,2021-02-06 03:49:27,57.0531,-135.33,275.15,87,90,1.54
241,Narsaq,GL,2021-02-06 03:49:27,60.9167,-46.05,262.15,62,0,2.57
242,Lufilufi,WS,2021-02-06 03:49:27,-13.8745,-171.5986,298.15,88,90,6.17
243,Batagay,RU,2021-02-06 03:47:56,67.6333,134.6333,238.85,82,100,0.92
244,Namibe,AO,2021-02-06 03:49:27,-15.1961,12.1522,293.96,83,65,2.8
245,Birjand,IR,2021-02-06 03:49:27,32.8663,59.2211,278.15,17,0,3.09
246,Choya,RU,2021-02-06 03:49:27,52.0108,86.5467,273.55,96,99,0.72
247,Sarangani,PH,2021-02-06 03:49:27,5.4033,125.4636,301.12,74,100,7.68
248,Petatlan,MX,2021-02-06 03:49:28,17.5167,-101.2667,294.68,85,31,1.25
249,Concordia,AR,2021-02-06 03:49:28,-31.393,-58.0209,290.93,89,0,2.7
250,Hanstholm,DK,2021-02-06 03:49:28,57.1167,8.6167,268.71,83,19,3.58
251,Flinders,AU,2021-02-06 03:48:51,-34.5833,150.8552,295.37,90,99,3.13
252,Sao Filipe,CV,2021-02-06 03:49:00,14.8961,-24.4956,293.78,76,7,6.59
253,Miles City,US,2021-02-06 03:46:44,46.4083,-105.8406,261.15,79,90,6.17
254,Nanortalik,GL,2021-02-06 03:49:28,60.1432,-45.2371,266.78,73,0,2.0
255,Ponta Do Sol,PT,2021-02-06 03:44:53,32.6667,-17.1,283.71,68,45,0.89
256,Caravelas,BR,2021-02-06 03:49:28,-17.7125,-39.2481,299.78,81,100,5.85
257,Pilar,BR,2021-02-06 03:49:28,-9.5972,-35.9567,297.15,88,40,3.6
258,Bud,US,2021-02-06 03:48:02,39.447,-86.1758,269.82,73,90,4.26
259,Itarema,BR,2021-02-06 03:49:29,-2.9248,-39.9167,299.21,78,35,5.18
260,Mar Del Plata,AR,2021-02-06 03:45:32,-38.0023,-57.5575,294.82,68,0,5.14
261,Lompoc,US,2021-02-06 03:45:41,34.6391,-120.4579,286.48,82,1,2.57
262,Kusti,SD,2021-02-06 03:49:29,13.1629,32.6635,286.79,37,0,5.67
263,Lanzhou,CN,2021-02-06 03:49:29,36.0564,103.7922,272.15,24,0,2.0
264,Chifeng,CN,2021-02-06 03:49:29,42.2683,118.9636,268.97,91,0,5.49
265,Castle Rock,US,2021-02-06 03:46:14,39.3722,-104.8561,273.15,49,81,2.05
266,Olafsvik,IS,2021-02-06 03:49:29,64.8945,-23.7142,276.46,76,100,9.84
267,Libreville,GA,2021-02-06 03:47:09,0.3925,9.4537,299.15,100,40,1.03
268,Codrington,AU,2021-02-06 03:46:38,-38.2667,141.9667,293.32,54,29,5.41
269,Coihueco,CL,2021-02-06 03:47:19,-36.6167,-71.8333,289.15,88,0,4.12
270,Shubarshi,KZ,2021-02-06 03:49:30,48.5872,57.1869,274.05,94,100,4.62
271,Fukuchiyama,JP,2021-02-06 03:49:30,35.3,135.1167,286.15,50,20,1.54
272,Bajil,YE,2021-02-06 03:49:30,15.0584,43.2851,294.59,74,1,1.98
273,Suez,EG,2021-02-06 03:49:30,29.9737,32.5263,287.43,84,74,2.64
274,Najran,SA,2021-02-06 03:49:30,17.4924,44.1277,292.15,34,0,2.57
275,Monterey,US,2021-02-06 03:49:30,36.2505,-121.2516,284.15,87,1,2.06
276,Kaeo,NZ,2021-02-06 03:49:30,-35.1,173.7833,295.93,67,100,4.02
277,Vaitape,PF,2021-02-06 03:49:30,-16.5167,-151.75,300.77,64,1,1.98
278,Brae,GB,2021-02-06 03:49:30,60.3964,-1.353,274.15,51,90,9.77
279,Great Yarmouth,GB,2021-02-06 03:49:31,52.6083,1.7305,279.82,93,90,1.03
280,Gasa,PS,2021-02-06 03:49:31,31.5,34.4667,286.48,100,15,2.8
281,Vila Do Maio,CV,2021-02-06 03:49:31,15.1333,-23.2167,293.15,68,75,8.75
282,Manzhouli,CN,2021-02-06 03:48:18,49.6,117.4333,255.5,88,2,3.89
283,Iqaluit,CA,2021-02-06 03:49:31,63.7506,-68.5145,267.15,79,75,5.66
284,Hokitika,NZ,2021-02-06 03:49:31,-42.7167,170.9667,291.55,68,78,2.64
285,Buraydah,SA,2021-02-06 03:45:33,26.326,43.975,285.15,100,75,2.06
286,Esperance,AU,2021-02-06 03:45:30,-33.8667,121.9,290.15,88,40,3.09
287,Ancud,CL,2021-02-06 03:48:59,-41.8697,-73.8203,291.15,63,0,2.57
288,Nioro,GM,2021-02-06 03:49:31,13.35,-15.75,291.81,53,95,4.43
289,Soltsy,RU,2021-02-06 03:49:32,58.1239,30.3238,256.23,92,94,3.45
290,Mackay,AU,2021-02-06 03:48:00,-21.15,149.2,303.15,66,39,6.69
291,Faya,SA,2021-02-06 03:48:48,18.3851,42.4509,284.15,81,20,5.14
292,Moranbah,AU,2021-02-06 03:49:32,-22.0016,148.0466,307.02,35,86,1.65
293,Karratha,AU,2021-02-06 03:45:17,-20.7377,116.8463,302.39,62,43,6.28
294,Makakilo City,US,2021-02-06 03:49:32,21.3469,-158.0858,297.15,46,1,6.69
295,Muborak,UZ,2021-02-06 03:45:18,39.2553,65.1528,284.61,39,41,7.27
296,Felanitx,ES,2021-02-06 03:49:32,39.4696,3.1483,292.15,55,40,8.23
297,Bilibino,RU,2021-02-06 03:49:32,68.0546,166.4372,252.26,78,100,1.23
298,Broken Hill,AU,2021-02-06 03:49:32,-31.95,141.4333,300.15,34,40,7.72
299,Praia Da Vitoria,PT,2021-02-06 03:49:33,38.7333,-27.0667,287.59,94,75,7.44
300,Belen,TR,2021-02-06 03:49:33,36.4891,36.2233,279.15,100,90,1.54
301,Willowmore,ZA,2021-02-06 03:45:30,-33.2926,23.4895,290.48,78,1,0.83
302,Simao,CN,2021-02-06 03:47:08,22.7886,100.9748,295.38,42,0,1.97
303,Ketchikan,US,2021-02-06 03:48:11,55.3422,-131.6461,274.15,100,90,2.06
304,Nabire,ID,2021-02-06 03:49:33,-3.3667,135.4833,300.4,73,99,0.42
305,Guerrero Negro,MX,2021-02-06 03:49:33,27.9769,-114.0611,288.46,70,0,5.87
306,Severnoye,RU,2021-02-06 03:49:33,56.3491,78.3619,268.99,98,95,3.99
307,Havre-Saint-Pierre,CA,2021-02-06 03:45:56,50.2334,-63.5986,272.15,100,90,5.66
308,Pevek,RU,2021-02-06 03:45:35,69.7008,170.3133,246.62,86,60,1.93
309,Manggar,ID,2021-02-06 03:49:33,-2.8833,108.2667,302.35,70,85,6.71
310,Brainerd,US,2021-02-06 03:49:33,46.358,-94.2008,255.15,65,1,5.66
311,Havoysund,NO,2021-02-06 03:49:34,70.9963,24.6622,270.15,86,75,8.23
312,Woodward,US,2021-02-06 03:46:00,36.4337,-99.3904,280.15,39,90,4.12
313,Yatou,CN,2021-02-06 03:47:43,37.15,122.3833,284.32,43,0,4.85
314,Digapahandi,IN,2021-02-06 03:49:34,19.3667,84.5833,300.85,29,0,0.43
315,Deputatskiy,RU,2021-02-06 03:49:34,69.3,139.9,242.37,89,100,1.53
316,Petrovac,RS,2021-02-06 03:49:34,44.3769,21.4192,279.26,6,34,1.77
317,Jizan,SA,2021-02-06 03:48:03,17.3333,42.6667,298.15,78,40,1.54
318,Balabac,PH,2021-02-06 03:49:34,7.9868,117.0645,301.09,79,100,6.78
319,Carauari,BR,2021-02-06 03:49:34,-4.8828,-66.8958,295.5,98,100,1.01
320,Boende,CD,2021-02-06 03:49:34,-0.2167,20.8667,296.37,83,89,1.08
321,Odweyne,SO,2021-02-06 03:49:34,9.4092,45.064,288.42,64,0,2.99
322,La Cruz,MX,2021-02-06 03:49:35,23.9167,-106.9,287.04,94,3,3.08
323,Kavieng,PG,2021-02-06 03:49:35,-2.5744,150.7967,300.27,78,100,0.75
324,Andenes,NO,2021-02-06 03:49:35,69.3143,16.1194,274.15,64,100,11.83
325,Samarai,PG,2021-02-06 03:49:35,-10.6167,150.6667,302.52,74,19,3.73
326,Asau,RO,2021-02-06 03:49:35,46.4333,26.4,273.71,76,100,0.57
327,Cedar City,US,2021-02-06 03:46:13,37.6775,-113.0619,277.15,41,90,7.72
328,Carnarvon,AU,2021-02-06 03:49:35,-24.8667,113.6333,302.15,100,90,9.77
329,Lerwick,GB,2021-02-06 03:49:35,60.1545,-1.1494,274.15,51,90,9.77
330,Kapit,MY,2021-02-06 03:49:35,2.0167,112.9333,304.43,61,88,0.93
331,Sioux Lookout,CA,2021-02-06 03:46:37,50.1001,-91.917,253.15,71,90,7.72
332,Vila Franca Do Campo,PT,2021-02-06 03:49:36,37.7167,-25.4333,287.15,88,40,2.57
333,Mastic Beach,US,2021-02-06 03:49:36,40.7668,-72.8521,276.48,86,40,1.54
334,Muzhi,RU,2021-02-06 03:49:36,65.3667,64.6667,243.8,87,99,5.86
335,Hay River,CA,2021-02-06 03:45:07,60.8156,-115.7999,242.15,62,98,3.6
336,Alihe,CN,2021-02-06 03:49:36,50.5667,123.7167,257.77,79,5,4.38
337,Naze,JP,2021-02-06 03:49:36,28.3667,129.4833,296.15,60,40,8.23
338,Nizhniy Tagil,RU,2021-02-06 03:49:36,57.9194,59.965,274.81,95,100,4.12
339,Palana,RU,2021-02-06 03:49:36,59.1167,159.9667,255.96,93,97,3.08
340,Shar,KZ,2021-02-06 03:49:36,49.5886,81.0453,269.68,98,100,5.93
341,Wexford,IE,2021-02-06 03:49:36,52.3342,-6.4575,276.48,90,77,1.79
342,Davidson,US,2021-02-06 03:49:37,36.1501,-86.7833,276.48,69,1,2.43
343,Half Moon Bay,US,2021-02-06 03:49:37,37.4636,-122.4286,285.37,82,1,2.52
344,Laguna,US,2021-02-06 03:49:37,38.421,-121.4238,285.15,58,1,2.06
345,Mbulu,TZ,2021-02-06 03:49:37,-3.85,35.5333,287.6,90,50,1.27
346,Sedalia,US,2021-02-06 03:49:37,38.7045,-93.2283,271.48,74,1,2.57
347,Middelburg,ZA,2021-02-06 03:49:37,-25.7751,29.4648,289.24,84,99,1.64
348,Solnechnyy,RU,2021-02-06 03:45:35,50.7214,136.6319,252.53,85,86,2.48
349,Pathein,MM,2021-02-06 03:49:37,16.7833,94.7333,303.69,41,0,3.12
350,Santa Pola,ES,2021-02-06 03:49:37,38.1917,-0.5658,286.48,76,40,2.57
351,Mareeba,AU,2021-02-06 03:49:37,-17.0,145.4333,303.15,74,75,2.57
352,Vostok,RU,2021-02-06 03:49:37,46.4856,135.8833,259.91,93,100,2.98
353,Kaniama,CD,2021-02-06 03:49:38,-7.5667,24.1833,292.26,94,100,1.31
354,Yerofey Pavlovich,RU,2021-02-06 03:49:38,53.9667,121.9667,256.0,80,14,2.19
355,Kenai,US,2021-02-06 03:49:07,60.5544,-151.2583,264.82,86,90,2.06
356,Grosseto,IT,2021-02-06 03:49:38,42.8333,11.25,280.15,81,0,3.09
357,Lysyye Gory,RU,2021-02-06 03:49:38,51.5506,44.8414,261.01,91,100,7.6
358,Kribi,CM,2021-02-06 03:49:38,2.95,9.9167,298.95,87,66,1.44
359,Lata,PT,2021-02-06 03:45:48,40.1629,-8.3327,283.71,92,100,1.34
360,Nhulunbuy,AU,2021-02-06 03:49:38,-12.2333,136.7667,300.15,83,90,6.17
361,Asilah,MA,2021-02-06 03:49:38,35.465,-6.0348,287.15,77,40,4.63
362,Phan Thiet,VN,2021-02-06 03:49:38,10.9333,108.1,301.76,54,14,3.94
363,Jining,CN,2021-02-06 03:49:38,35.405,116.5814,289.92,26,0,4.05
364,Presidencia Roque Saenz Pena,AR,2021-02-06 03:49:39,-26.7852,-60.4388,294.82,69,0,0.89
365,Bima,ID,2021-02-06 03:49:39,-8.4667,118.7167,300.75,78,100,1.99
366,Rio Gallegos,AR,2021-02-06 03:49:39,-51.6226,-69.2181,280.15,61,0,3.09
367,Novo Aripuana,BR,2021-02-06 03:49:39,-5.1206,-60.3797,296.97,96,98,0.88
368,Banganapalle,IN,2021-02-06 03:49:39,15.3167,78.2333,296.44,53,2,2.09
369,Le Port,RE,2021-02-06 03:49:39,-20.9373,55.2919,300.15,69,75,5.14
370,Jinchang,CN,2021-02-06 03:49:39,38.4953,102.1739,277.07,48,0,1.31
371,Margate,GB,2021-02-06 03:49:39,51.3813,1.3862,280.37,92,67,4.21
372,Tabou,CI,2021-02-06 03:47:23,4.423,-7.3528,298.95,90,4,3.75
373,Vuktyl,RU,2021-02-06 03:49:40,63.8567,57.3094,252.01,90,100,4.89
374,Dumai,ID,2021-02-06 03:49:40,1.6833,101.45,303.87,55,44,2.71
375,Kaitangata,NZ,2021-02-06 03:45:56,-46.2817,169.8464,290.8,64,78,2.39
376,Pedernales,DO,2021-02-06 03:49:40,18.0384,-71.744,298.0,63,1,1.65
377,Svobodnyy,RU,2021-02-06 03:49:40,51.4,128.1333,250.01,85,97,2.49
378,Bowen,AU,2021-02-06 03:49:40,-20.0167,148.2333,303.15,66,90,5.66
379,Dawei,MM,2021-02-06 03:47:04,14.0833,98.2,304.96,33,36,1.93
380,Takoradi,GH,2021-02-06 03:45:49,4.8845,-1.7554,299.08,90,31,4.05
381,Cuamba,MZ,2021-02-06 03:49:40,-14.8031,36.5372,294.53,95,41,0.37
382,Manado,ID,2021-02-06 03:48:24,1.487,124.8455,304.15,66,40,3.09
383,Port Hedland,AU,2021-02-06 03:49:41,-20.3167,118.5667,304.15,58,40,5.66
384,Mpophomeni,ZA,2021-02-06 03:49:41,-29.5682,30.1862,293.71,96,74,1.04
385,Asfi,MA,2021-02-06 03:49:41,32.2994,-9.2372,286.87,73,100,4.13
386,Maloy,NO,2021-02-06 03:49:41,61.9353,5.1136,268.15,63,0,2.57
387,Souillac,MU,2021-02-06 03:46:52,-20.5167,57.5167,297.15,94,40,2.06
388,Jauharabad,PK,2021-02-06 03:49:41,32.2898,72.2813,289.51,42,0,1.79
389,Paita,PE,2021-02-06 03:45:18,-5.0892,-81.1144,297.15,71,60,5.45
390,Yerbogachen,RU,2021-02-06 03:49:41,61.2767,108.0108,254.65,92,100,1.92
391,Pietarsaari,FI,2021-02-06 03:49:41,63.65,22.6833,267.15,86,20,2.57
392,Mana,GF,2021-02-06 03:47:16,5.6592,-53.7767,298.18,87,99,5.15
393,Havelock,US,2021-02-06 03:46:13,34.8791,-76.9013,284.15,100,1,4.12
394,Ruwi,OM,2021-02-06 03:49:42,23.5996,58.5507,289.15,82,0,1.03
395,Mabaruma,GY,2021-02-06 03:49:42,8.2,-59.7833,295.82,95,78,1.94
396,Nhamunda,BR,2021-02-06 03:49:42,-2.1861,-56.7131,299.45,76,99,1.08
397,Bundaberg,AU,2021-02-06 03:49:42,-24.85,152.35,304.15,45,40,3.6
398,Rio Branco Do Sul,BR,2021-02-06 03:49:42,-25.19,-49.3142,290.37,10,14,0.89
399,Raha,IN,2021-02-06 03:49:42,26.2333,92.5167,294.84,45,0,1.64
400,Roebourne,AU,2021-02-06 03:49:42,-20.7833,117.1333,303.11,59,28,6.01
401,Osypenko,UA,2021-02-06 03:49:42,46.9136,36.8253,267.59,53,79,1.79
402,Galeana,MX,2021-02-06 03:49:43,24.8333,-100.0667,284.51,68,31,1.79
403,Abu Dhabi,AE,2021-02-06 03:47:32,24.4667,54.3667,293.15,68,0,7.2
404,Ixtapa,MX,2021-02-06 03:49:43,20.7,-105.2,294.26,88,1,1.19
405,Namatanai,PG,2021-02-06 03:45:43,-3.6667,152.4333,300.91,72,93,0.11
406,Bosanski Novi,BA,2021-02-06 03:49:43,45.0458,16.3803,280.76,89,100,1.2
407,Honiara,SB,2021-02-06 03:49:43,-9.4333,159.95,301.67,77,66,3.83
408,Jiangyou,CN,2021-02-06 03:49:43,31.7667,104.7167,286.7,47,0,2.15
409,Bourail,NC,2021-02-06 03:49:43,-21.5667,165.4833,300.36,73,57,1.31
410,Voloshka,RU,2021-02-06 03:49:43,61.3314,40.0858,251.76,89,100,4.17
411,Kikwit,CD,2021-02-06 03:49:43,-5.041,18.8162,295.58,93,100,0.6
412,Daro,GN,2021-02-06 03:49:44,8.5185,-9.569,293.2,90,80,0.56
413,Abu Samrah,SY,2021-02-06 03:49:44,35.3029,37.1841,280.83,90,0,1.34
414,Derzhavinsk,KZ,2021-02-06 03:49:44,51.1,66.3167,272.17,96,100,5.78
415,Balsas,BR,2021-02-06 03:49:44,-7.5325,-46.0356,296.8,89,100,0.45
416,Rio Verde De Mato Grosso,BR,2021-02-06 03:49:44,-18.9181,-54.8442,295.31,81,41,1.52
417,Dwarka,IN,2021-02-06 03:49:44,22.2394,68.9678,295.56,41,0,7.94
418,Marchena,ES,2021-02-06 03:49:44,37.329,-5.4168,283.15,93,75,4.63
419,San Ignacio,BZ,2021-02-06 03:49:44,17.1561,-89.0714,295.15,88,0,1.14
420,Ayorou,NE,2021-02-06 03:49:44,14.7308,0.9174,294.57,22,21,4.25
421,Bria,CF,2021-02-06 03:49:44,6.5423,21.9863,293.87,23,35,3.44
422,Bubaque,GW,2021-02-06 03:49:44,11.2833,-15.8333,298.07,54,81,8.16
423,Shubarkuduk,KZ,2021-02-06 03:49:45,49.1447,56.4872,274.02,98,100,4.97
424,Buenos Aires,AR,2021-02-06 03:45:04,-34.6132,-58.3772,294.82,68,0,2.57
425,San Cristobal,VE,2021-02-06 03:47:05,7.7669,-72.225,293.14,78,100,0.61
426,Puerto Del Rosario,ES,2021-02-06 03:47:15,28.5004,-13.8627,287.15,72,0,5.14
427,Vangaindrano,MG,2021-02-06 03:47:46,-23.35,47.6,298.74,85,98,3.15
428,Dunedin,NZ,2021-02-06 03:49:13,-45.8742,170.5036,288.71,74,34,11.18
429,Canmore,CA,2021-02-06 03:49:45,51.0834,-115.3521,257.15,85,100,2.06
430,Prado,BR,2021-02-06 03:49:45,-17.3411,-39.2208,299.33,83,100,5.2
431,Rebrikha,RU,2021-02-06 03:49:45,53.0733,82.3408,270.19,98,86,3.89
432,Kupang,ID,2021-02-06 03:49:45,-10.1667,123.5833,301.15,83,75,5.14
433,Vlagtwedde,NL,2021-02-06 03:49:45,53.0275,7.1083,274.82,96,100,3.13
434,Ucluelet,CA,2021-02-06 03:45:08,48.9329,-125.5528,279.82,88,2,3.17
435,Alta Floresta,BR,2021-02-06 03:45:42,-9.8756,-56.0861,295.84,98,100,1.15
436,Iquitos,PE,2021-02-06 03:46:09,-3.7481,-73.2472,297.15,88,75,3.09
437,Mayor Pablo Lagerenza,PY,2021-02-06 03:49:46,-19.9309,-60.7718,295.32,51,39,1.87
438,Lorengau,PG,2021-02-06 03:49:46,-2.0226,147.2712,301.01,80,77,3.74
439,Carutapera,BR,2021-02-06 03:49:46,-1.195,-46.02,298.65,82,30,3.4
440,Dalvik,IS,2021-02-06 03:49:46,65.9702,-18.5286,274.15,64,75,5.66
441,Itoman,JP,2021-02-06 03:49:14,26.1247,127.6694,297.04,60,20,3.6
442,Rafai,CF,2021-02-06 03:49:46,4.95,23.9167,290.31,34,7,1.1
443,Mariani,IN,2021-02-06 03:49:46,26.6667,94.3333,295.33,44,32,1.54
444,Derbent,RU,2021-02-06 03:49:46,42.0678,48.2899,278.6,66,100,7.37
445,Bambous Virieux,MU,2021-02-06 03:49:47,-20.3428,57.7575,297.59,94,40,2.06
446,Chicama,PE,2021-02-06 03:49:47,-7.8447,-79.1469,296.18,63,99,2.02
447,College,US,2021-02-06 03:49:47,64.8569,-147.8028,251.15,71,75,1.54
448,Necochea,AR,2021-02-06 03:49:47,-38.5473,-58.7368,294.26,51,0,2.24
449,Ranong,TH,2021-02-06 03:49:47,9.9658,98.6348,303.15,66,40,4.63
450,Katsuura,JP,2021-02-06 03:49:47,35.1333,140.3,287.59,62,20,3.09
451,Tazovskiy,RU,2021-02-06 03:49:47,67.4667,78.7,236.9,83,87,3.32
452,Laranjeiras Do Sul,BR,2021-02-06 03:49:47,-25.4078,-52.4161,284.96,100,0,1.39
453,Peniche,PT,2021-02-06 03:49:47,39.3558,-9.3811,283.71,90,100,5.81
454,Gander,CA,2021-02-06 03:49:48,48.9682,-54.5906,273.15,93,90,5.66
455,Evensk,RU,2021-02-06 03:49:48,61.95,159.2333,255.36,88,98,7.05
456,Clifton,US,2021-02-06 03:47:15,40.8584,-74.1638,279.15,56,1,3.6
457,Coquimbo,CL,2021-02-06 03:46:53,-29.9533,-71.3436,289.15,82,90,3.09
458,Numbrecht,DE,2021-02-06 03:49:48,50.9,7.55,279.15,93,0,1.54
459,Mount Hagen,PG,2021-02-06 03:49:48,-5.8581,144.2274,295.13,79,98,0.58
460,Agutaya,PH,2021-02-06 03:49:48,11.148,120.9417,300.05,82,79,9.35
461,Yueyang,CN,2021-02-06 03:49:48,29.3333,113.0919,286.39,65,0,2.26
462,Natitingou,BJ,2021-02-06 03:49:48,10.3042,1.3796,298.15,23,100,3.09
463,Road Town,VG,2021-02-06 03:49:48,18.4167,-64.6167,298.71,79,4,7.15
464,Gushikawa,JP,2021-02-06 03:49:49,26.3544,127.8686,297.15,60,1,5.14
465,Abha,SA,2021-02-06 03:49:49,18.2164,42.5053,284.15,81,20,5.14
466,Bom Jesus,BR,2021-02-06 03:49:49,-9.0744,-44.3586,295.6,89,95,0.56
467,Qasigiannguit,GL,2021-02-06 03:45:39,68.8193,-51.1922,260.15,40,100,0.51
468,Olga,RU,2021-02-06 03:49:49,43.7444,135.2892,272.45,84,99,2.35
469,Cervo,ES,2021-02-06 03:49:49,43.6702,-7.4101,280.37,100,100,4.92
470,Caceres,ES,2021-02-06 03:49:49,39.522,-6.3748,281.48,95,99,0.45
471,Beipiao,CN,2021-02-06 03:49:49,41.7919,120.7792,270.61,84,92,7.83
472,Ndele,CF,2021-02-06 03:49:49,8.4109,20.6473,294.95,22,24,5.42
473,Kendari,ID,2021-02-06 03:46:10,-3.945,122.4989,304.57,63,70,1.33
474,Tsumeb,NA,2021-02-06 03:49:50,-19.2333,17.7167,293.49,78,100,2.2
475,Tira Sujanpur,IN,2021-02-06 03:49:50,31.8333,76.5,287.38,34,0,0.69
476,Pinheiro Machado,BR,2021-02-06 03:49:50,-31.5783,-53.3811,285.93,96,0,4.02
477,Komsomolskiy,UZ,2021-02-06 03:49:50,40.4272,71.7189,276.15,60,100,2.06
478,Lethem,GY,2021-02-06 03:49:50,3.3803,-59.7968,298.24,73,25,5.05
479,Valparaiso,CL,2021-02-06 03:45:45,-33.0393,-71.6273,289.15,88,90,2.06
480,Manta,EC,2021-02-06 03:49:50,-0.95,-80.7333,299.15,83,75,2.06
481,Oranjemund,NA,2021-02-06 03:49:50,-28.55,16.4333,289.0,92,3,3.74
482,Belaya Gora,RU,2021-02-06 03:49:50,68.5333,146.4167,245.68,87,100,3.89
483,Pampa,US,2021-02-06 03:49:51,35.5362,-100.9599,280.15,45,1,5.66
484,Naryan-Mar,RU,2021-02-06 03:49:51,67.6713,53.087,248.67,90,39,2.78
485,Inhambane,MZ,2021-02-06 03:49:07,-23.865,35.3833,298.44,87,83,3.85
486,Alice Springs,AU,2021-02-06 03:45:24,-23.7,133.8833,303.15,25,61,5.66
487,Eureka,US,2021-02-06 03:47:10,40.8021,-124.1637,282.59,91,61,4.02
488,Lusambo,CD,2021-02-06 03:49:51,-4.9667,23.45,294.0,97,100,0.64
489,El Tigre,VE,2021-02-06 03:49:51,8.8875,-64.2454,296.96,71,100,7.02
490,Ambovombe,MG,2021-02-06 03:49:51,-25.1667,46.0833,299.09,79,96,1.82
491,Barmer,IN,2021-02-06 03:49:51,25.75,71.3833,291.01,29,0,3.11
492,Linhares,BR,2021-02-06 03:49:52,-19.3911,-40.0722,298.0,87,100,2.22
493,Dzhebariki-Khaya,RU,2021-02-06 03:49:52,62.2167,135.8,240.7,82,100,1.37
494,Porto Belo,BR,2021-02-06 03:49:52,-27.1578,-48.5531,296.15,78,40,1.54
495,Umm Kaddadah,SD,2021-02-06 03:49:52,13.6017,26.6876,284.88,43,14,5.14
496,Sturgis,US,2021-02-06 03:49:52,41.7992,-85.4192,263.15,67,90,5.66
497,Kortkeros,RU,2021-02-06 03:49:52,61.8106,51.5806,252.15,84,75,5.0
498,Rockport,US,2021-02-06 03:49:52,28.0206,-97.0544,288.15,94,90,6.17
499,Akonolinga,CM,2021-02-06 03:49:52,3.7667,12.25,291.91,95,99,1.32
500,Krasnoselkup,RU,2021-02-06 03:49:52,65.7,82.4667,245.86,88,100,4.91
501,Longyearbyen,SJ,2021-02-06 03:49:52,78.2186,15.6401,268.15,80,75,2.06
502,Tres Arroyos,AR,2021-02-06 03:49:52,-38.3739,-60.2798,295.18,27,0,6.03
503,Wakkanai,JP,2021-02-06 03:44:55,45.4094,141.6739,269.15,93,75,5.14
504,Vardo,NO,2021-02-06 03:49:48,70.3705,31.1107,270.92,92,99,11.17
505,Glendive,US,2021-02-06 03:49:53,47.1053,-104.7125,257.59,72,90,7.72
506,Terney,RU,2021-02-06 03:49:53,45.0503,136.6092,269.23,86,95,1.17
507,Fenoarivo,MG,2021-02-06 03:49:53,-18.933,47.4354,292.15,88,75,1.03
508,Mayo,US,2021-02-06 03:47:34,38.8876,-76.5119,279.15,39,1,3.6
509,Menongue,AO,2021-02-06 03:49:53,-14.6585,17.691,290.5,90,73,2.02
510,Svetlogorsk,BY,2021-02-06 03:49:53,52.6333,29.7333,260.18,95,73,2.77
511,Vaijapur,IN,2021-02-06 03:49:53,19.9167,74.7333,291.15,59,16,5.66
512,Shambu,ET,2021-02-06 03:49:53,9.5667,37.1,282.04,51,0,0.61
513,Bereda,ES,2021-02-06 03:49:53,43.2686,-7.5406,280.93,100,100,4.92
514,Mattru,SL,2021-02-06 03:49:54,7.6244,-11.8332,295.74,89,0,0.67
515,Nichinan,JP,2021-02-06 03:49:54,31.6,131.3667,285.15,82,75,1.54
516,Keti Bandar,PK,2021-02-06 03:49:54,24.1447,67.4497,294.24,28,0,3.11
517,Labuhan,ID,2021-02-06 03:46:44,-6.8844,112.2051,301.45,79,48,7.7
518,Aklavik,CA,2021-02-06 03:49:39,68.2191,-135.0107,243.15,76,27,2.06
519,Linxia,CN,2021-02-06 03:49:54,35.6003,103.2064,275.46,55,100,1.01
520,Datong,CN,2021-02-06 03:49:54,40.0936,113.2914,275.75,64,0,4.0
521,Virginia Beach,US,2021-02-06 03:49:54,36.8529,-75.978,281.15,87,90,3.6
522,Omsukchan,RU,2021-02-06 03:47:47,62.5333,155.8,246.04,85,84,1.55
523,Tezu,IN,2021-02-06 03:49:54,27.9167,96.1667,299.15,16,2,1.33
524,Beyneu,KZ,2021-02-06 03:49:54,45.3167,55.2,277.73,75,100,12.57
525,Constitucion,CL,2021-02-06 03:45:50,-35.3333,-72.4167,286.58,89,2,0.4
526,Berezovyy,RU,2021-02-06 03:47:32,51.6667,135.7,254.18,84,100,1.04
527,Gaya,IN,2021-02-06 03:49:55,24.7833,85.0,289.15,88,75,1.54
528,Fukue,JP,2021-02-06 03:49:55,32.6881,128.8419,286.15,82,75,2.06
529,Petropavlovsk-Kamchatskiy,RU,2021-02-06 03:49:55,53.0452,158.6483,265.15,49,40,4.0
530,Cattolica,IT,2021-02-06 03:49:55,43.9575,12.7376,281.48,100,90,0.51
531,Wharton,US,2021-02-06 03:49:55,29.3116,-96.1027,284.26,71,90,3.96
532,Puerto Baquerizo Moreno,EC,2021-02-06 03:49:55,-0.9,-89.6,297.84,88,51,3.36
533,Iisalmi,FI,2021-02-06 03:49:55,63.5592,27.1907,259.15,85,90,3.09
534,Pirgos,GR,2021-02-06 03:49:55,35.1167,25.7178,286.48,81,20,4.63
535,Alcaniz,ES,2021-02-06 03:49:55,41.05,-0.1333,280.37,95,33,1.34
536,Uptar,RU,2021-02-06 03:49:56,59.75,150.9167,252.27,91,94,2.33
537,Umm Lajj,SA,2021-02-06 03:45:24,25.0213,37.2685,292.08,60,0,1.97
538,Jumla,NP,2021-02-06 03:45:45,29.2747,82.1838,276.97,63,0,0.18
539,Ganzhou,CN,2021-02-06 03:49:56,28.8184,115.4327,287.05,78,90,1.55
540,Kysyl-Syr,RU,2021-02-06 03:49:56,63.8986,122.7617,235.94,81,19,1.69
541,Silvan,TR,2021-02-06 03:49:56,38.1419,41.0081,272.15,100,0,1.23
542,Pangai,TO,2021-02-06 03:49:56,-19.8,-174.35,300.15,94,75,1.03
543,Kontagora,NG,2021-02-06 03:49:56,10.3999,5.4695,296.14,21,0,3.23
544,Ust-Kut,RU,2021-02-06 03:49:56,56.7938,105.7672,259.69,90,100,2.57
545,Ivankiv,UA,2021-02-06 03:49:56,50.9386,29.8943,263.15,85,1,2.0
546,Fuerte Olimpo,PY,2021-02-06 03:49:57,-21.0415,-57.8738,293.38,72,15,1.74
547,Gorontalo,ID,2021-02-06 03:47:36,0.5412,123.0595,301.28,81,100,2.2
548,Funtua,NG,2021-02-06 03:49:57,11.5233,7.3081,290.65,29,0,5.77
549,La Ronge,CA,2021-02-06 03:49:36,55.1001,-105.2842,243.15,69,47,4.12
550,Camocim,BR,2021-02-06 03:49:57,-2.9022,-40.8411,297.49,89,49,4.67
551,Chiredzi,ZW,2021-02-06 03:49:57,-21.05,31.6667,295.56,98,100,2.72
552,Iida,JP,2021-02-06 03:49:57,35.5197,137.8207,287.04,31,0,4.47
553,Sao Joao Da Barra,BR,2021-02-06 03:49:57,-21.6403,-41.0511,297.02,90,100,7.41
554,Rocha,UY,2021-02-06 03:49:55,-34.4833,-54.3333,286.87,91,0,2.06
555,Cabedelo,BR,2021-02-06 03:46:17,-6.9811,-34.8339,298.15,88,20,1.54
556,Lages,BR,2021-02-06 03:49:57,-27.8161,-50.3261,283.41,97,2,0.97
557,Kinlochleven,GB,2021-02-06 03:49:58,56.7115,-4.9661,277.59,65,99,1.79
558,Fuzhou,CN,2021-02-06 03:49:58,26.0614,119.3061,293.15,64,1,5.0
559,Mnogovershinnyy,RU,2021-02-06 03:49:58,53.9353,139.9242,251.85,91,100,2.51
560,Luoyang,CN,2021-02-06 03:49:58,34.6836,112.4536,290.93,99,97,2.61
